airport,datetime,visibility,wind_speed,storm,ifr,severity,bad_weather
OPST,2026-04-16T17:30:00.000Z,2.17,10.0,0,1,1,0
VNKT,2026-04-16T17:30:00.000Z,4.35,5.0,0,0,0,0
VASU,2026-04-16T17:30:00.000Z,3.73,5.0,0,0,0,0
OPKC,2026-04-16T17:30:00.000Z,3.11,7.0,0,0,0,0
OPLA,2026-04-16T17:30:00.000Z,2.49,8.0,0,1,1,0
CYRQ,2026-04-16T17:29:00.000Z,8.0,3.0,1,1,3,1
CYQA,2026-04-16T17:29:00.000Z,9.0,7.0,1,0,2,1
CYBC,2026-04-16T17:29:00.000Z,9.0,11.0,0,1,1,0
CYGT,2026-04-16T17:28:00.000Z,0.25,17.0,1,1,3,1
PATG,2026-04-16T17:28:00.000Z,0.25,3.0,0,1,1,0
CYCK,2026-04-16T17:28:00.000Z,6.0,10.0,1,0,2,1
CYQW,2026-04-16T17:28:00.000Z,1.75,12.0,1,1,3,1
CYEN,2026-04-16T17:28:00.000Z,9.0,13.0,0,1,1,0
PAII,2026-04-16T17:28:00.000Z,1.75,0.0,1,1,3,1
PAKI,2026-04-16T17:27:00.000Z,0.5,12.0,0,1,1,0
PASL,2026-04-16T17:27:00.000Z,1.75,0.0,0,1,1,0
CYQF,2026-04-16T17:27:00.000Z,6.0,12.0,1,0,2,1
CYRJ,2026-04-16T17:27:00.000Z,1.0,0.0,1,1,3,1
CYKF,2026-04-16T17:27:00.000Z,9.0,8.0,0,0,0,0
PAHC,2026-04-16T17:27:00.000Z,2.5,4.0,1,1,3,1
CZVL,2026-04-16T17:27:00.000Z,9.0,4.0,0,0,0,0
CYMT,2026-04-16T17:27:00.000Z,5.0,0.0,0,0,0,0
CZPC,2026-04-16T17:26:00.000Z,1.0,6.0,1,1,3,1
KSUE,2026-04-16T17:26:00.000Z,3.0,6.0,0,0,0,0
MUCM,2026-04-16T17:26:00.000Z,4.97,12.0,0,0,0,0
PAGA,2026-04-16T17:26:00.000Z,1.0,9.0,1,1,3,1
PALG,2026-04-16T17:26:00.000Z,1.75,4.0,1,1,3,1
PANU,2026-04-16T17:26:00.000Z,1.0,6.0,1,1,3,1
KERI,2026-04-16T17:26:00.000Z,6.0,9.0,0,0,0,0
PACD,2026-04-16T17:26:00.000Z,1.0,9.0,0,1,1,0
EHFD,2026-04-16T17:25:00.000Z,5.59,15.0,0,0,0,0
KFNT,2026-04-16T17:25:00.000Z,8.0,8.0,1,1,3,1
CYDN,2026-04-16T17:25:00.000Z,0.25,17.0,1,1,3,1
PFKO,2026-04-16T17:25:00.000Z,9.0,8.0,1,0,2,1
EHHW,2026-04-16T17:25:00.000Z,4.35,7.0,0,0,0,0
EHKV,2026-04-16T17:25:00.000Z,5.59,14.0,0,0,0,0
KGVW,2026-04-16T17:25:00.000Z,5.0,12.0,0,0,0,0
EHMG,2026-04-16T17:25:00.000Z,4.35,17.0,0,0,0,0
EHPG,2026-04-16T17:25:00.000Z,5.59,19.0,0,0,0,0
KBZN,2026-04-16T17:24:00.000Z,1.25,3.0,1,1,3,1
PAQH,2026-04-16T17:24:00.000Z,0.5,12.0,0,1,1,0
PAHL,2026-04-16T17:24:00.000Z,1.5,13.0,1,1,3,1
CYXR,2026-04-16T17:24:00.000Z,6.0,4.0,0,0,0,0
CYPR,2026-04-16T17:24:00.000Z,9.0,5.0,1,0,2,1
SABE,2026-04-16T17:23:00.000Z,3.11,6.0,0,1,1,0
KMBS,2026-04-16T17:23:00.000Z,8.0,8.0,1,0,2,1
CYBG,2026-04-16T17:23:00.000Z,3.0,17.0,1,0,2,1
CYSC,2026-04-16T17:22:00.000Z,9.0,6.0,0,0,0,0
PAHP,2026-04-16T17:22:00.000Z,6.0,10.0,0,0,0,0
CYXU,2026-04-16T17:22:00.000Z,12.0,12.0,1,0,2,1
CYTR,2026-04-16T17:22:00.000Z,12.0,5.0,0,0,0,0
CYPQ,2026-04-16T17:21:00.000Z,9.0,6.0,1,0,2,1
CYYN,2026-04-16T17:21:00.000Z,1.0,9.0,1,1,3,1
KJCT,2026-04-16T17:21:00.000Z,8.0,7.0,0,0,0,0
CYND,2026-04-16T17:21:00.000Z,0.63,5.0,1,1,3,1
EYPA,2026-04-16T17:20:00.000Z,0.75,3.0,0,1,1,0
EYVI,2026-04-16T17:20:00.000Z,4.97,10.0,0,1,1,0
KBQX,2026-04-16T17:20:00.000Z,7.0,7.0,0,0,0,0
ESKS,2026-04-16T17:20:00.000Z,0.81,7.0,0,1,1,0
EVRA,2026-04-16T17:20:00.000Z,1.68,5.0,0,1,1,0
ENOA,2026-04-16T17:20:00.000Z,5.59,32.0,0,0,1,0
KVAF,2026-04-16T17:20:00.000Z,2.0,16.0,0,1,1,0
ENGC,2026-04-16T17:20:00.000Z,3.73,34.0,1,1,4,1
LICG,2026-04-16T17:20:00.000Z,4.35,8.0,0,0,0,0
EGPL,2026-04-16T17:20:00.000Z,4.35,18.0,1,0,2,1
SADF,2026-04-16T17:20:00.000Z,2.49,9.0,0,1,1,0
CYAY,2026-04-16T17:20:00.000Z,9.0,15.0,0,1,1,0
LGSA,2026-04-16T17:20:00.000Z,5.59,0.0,0,0,0,0
PAIM,2026-04-16T17:20:00.000Z,2.5,7.0,1,1,3,1
KOYE,2026-04-16T17:20:00.000Z,6.0,12.0,0,0,0,0
ENQR,2026-04-16T17:20:00.000Z,4.35,35.0,1,0,3,1
ENSE,2026-04-16T17:20:00.000Z,4.35,36.0,1,1,4,1
ENCN,2026-04-16T17:20:00.000Z,5.59,6.0,0,1,1,0
EGDR,2026-04-16T17:20:00.000Z,2.49,13.0,0,1,1,0
ENQA,2026-04-16T17:20:00.000Z,2.24,39.0,0,1,2,1
ENQC,2026-04-16T17:20:00.000Z,4.35,35.0,0,1,2,1
CYDL,2026-04-16T17:19:00.000Z,9.0,12.0,0,0,0,0
PASM,2026-04-16T17:19:00.000Z,1.25,7.0,1,1,3,1
KLGU,2026-04-16T17:19:00.000Z,0.5,18.0,1,1,3,1
CYXZ,2026-04-16T17:19:00.000Z,15.0,3.0,0,0,0,0
PAIG,2026-04-16T17:19:00.000Z,6.0,0.0,1,0,2,1
PANI,2026-04-16T17:19:00.000Z,1.75,3.0,1,1,3,1
CYHZ,2026-04-16T17:19:00.000Z,0.75,10.0,1,1,3,1
PAQT,2026-04-16T17:18:00.000Z,7.0,6.0,0,0,0,0
CWSA,2026-04-16T17:18:00.000Z,0.5,10.0,0,1,1,0
KBIV,2026-04-16T17:17:00.000Z,6.0,5.0,0,0,0,0
PABR,2026-04-16T17:16:00.000Z,3.0,5.0,0,0,0,0
KFPK,2026-04-16T17:15:00.000Z,3.0,5.0,1,1,3,1
KFWB,2026-04-16T17:15:00.000Z,8.0,0.0,0,0,0,0
KSPR,2026-04-16T17:15:00.000Z,8.0,7.0,0,0,0,0
KOGS,2026-04-16T17:15:00.000Z,4.0,6.0,0,0,0,0
KW40,2026-04-16T17:15:00.000Z,7.0,10.0,0,0,0,0
KWYS,2026-04-16T17:15:00.000Z,0.25,7.0,1,1,3,1
KUSE,2026-04-16T17:15:00.000Z,9.0,7.0,0,0,0,0
KN40,2026-04-16T17:15:00.000Z,9.0,8.0,0,0,0,0
KSUZ,2026-04-16T17:15:00.000Z,5.0,13.0,0,0,0,0
KDBN,2026-04-16T17:15:00.000Z,9.0,5.0,0,0,0,0
KWBF,2026-04-16T17:15:00.000Z,3.0,8.0,0,0,0,0
KAFO,2026-04-16T17:15:00.000Z,1.0,13.0,1,1,3,1
KORK,2026-04-16T17:15:00.000Z,6.0,13.0,0,0,0,0
KOSC,2026-04-16T17:15:00.000Z,8.0,2.0,1,0,2,1
KVOA,2026-04-16T17:15:00.000Z,8.0,4.0,0,0,0,0
KPZZ,2026-04-16T17:15:00.000Z,9.0,5.0,0,0,0,0
KLMO,2026-04-16T17:15:00.000Z,7.0,8.0,0,0,0,0
K0R0,2026-04-16T17:15:00.000Z,5.0,4.0,1,0,2,1
KDZB,2026-04-16T17:15:00.000Z,5.0,6.0,0,0,0,0
KOIN,2026-04-16T17:15:00.000Z,2.5,16.0,1,1,3,1
KORB,2026-04-16T17:15:00.000Z,8.0,4.0,0,0,0,0
KINF,2026-04-16T17:15:00.000Z,7.0,5.0,0,0,0,0
KPHT,2026-04-16T17:15:00.000Z,9.0,13.0,0,0,0,0
KU69,2026-04-16T17:15:00.000Z,5.0,21.0,0,0,1,0
K8D4,2026-04-16T17:15:00.000Z,6.0,4.0,1,0,2,1
KIKT,2026-04-16T17:15:00.000Z,4.0,12.0,0,0,0,0
KATA,2026-04-16T17:15:00.000Z,9.0,7.0,0,0,0,0
KD95,2026-04-16T17:15:00.000Z,5.0,4.0,1,0,2,1
KFOZ,2026-04-16T17:15:00.000Z,9.0,9.0,0,0,0,0
KMNZ,2026-04-16T17:15:00.000Z,8.0,11.0,0,0,0,0
KK88,2026-04-16T17:15:00.000Z,9.0,9.0,0,0,0,0
KBKD,2026-04-16T17:15:00.000Z,5.0,7.0,0,0,0,0
KFYG,2026-04-16T17:15:00.000Z,5.0,5.0,0,0,0,0
KBXK,2026-04-16T17:15:00.000Z,9.0,7.0,0,0,0,0
KPSN,2026-04-16T17:15:00.000Z,9.0,6.0,0,0,0,0
KMGN,2026-04-16T17:15:00.000Z,0.25,4.0,0,1,1,0
KCYD,2026-04-16T17:15:00.000Z,7.0,14.0,0,0,0,0
KTEW,2026-04-16T17:15:00.000Z,2.0,8.0,1,1,3,1
KSKF,2026-04-16T17:15:00.000Z,9.0,8.0,0,0,0,0
KDYB,2026-04-16T17:15:00.000Z,9.0,0.0,0,0,0,0
KAUM,2026-04-16T17:15:00.000Z,9.0,6.0,0,0,0,0
K4O4,2026-04-16T17:15:00.000Z,8.0,11.0,0,0,0,0
KGLY,2026-04-16T17:15:00.000Z,9.0,9.0,0,0,0,0
K3D2,2026-04-16T17:15:00.000Z,4.0,5.0,0,0,0,0
KAGO,2026-04-16T17:15:00.000Z,9.0,6.0,0,0,0,0
KCDH,2026-04-16T17:15:00.000Z,8.0,9.0,0,0,0,0
KD57,2026-04-16T17:15:00.000Z,9.0,5.0,0,0,0,0
KDRM,2026-04-16T17:15:00.000Z,7.0,4.0,0,0,0,0
KEDC,2026-04-16T17:15:00.000Z,7.0,9.0,0,0,0,0
KPQN,2026-04-16T17:15:00.000Z,9.0,25.0,0,0,1,0
KRNP,2026-04-16T17:15:00.000Z,4.0,0.0,1,0,2,1
KSGS,2026-04-16T17:15:00.000Z,7.0,7.0,0,0,0,0
PABE,2026-04-16T17:15:00.000Z,2.0,8.0,1,1,3,1
KW99,2026-04-16T17:15:00.000Z,9.0,8.0,0,0,0,0
KCPT,2026-04-16T17:15:00.000Z,8.0,14.0,0,0,0,0
KMJD,2026-04-16T17:15:00.000Z,8.0,0.0,1,0,2,1
KCVX,2026-04-16T17:15:00.000Z,0.25,4.0,0,1,1,0
KELK,2026-04-16T17:15:00.000Z,9.0,12.0,0,0,0,0
KLUD,2026-04-16T17:15:00.000Z,7.0,8.0,0,0,0,0
KTME,2026-04-16T17:15:00.000Z,9.0,7.0,0,0,0,0
PAAD,2026-04-16T17:15:00.000Z,7.0,6.0,0,0,0,0
KMKS,2026-04-16T17:15:00.000Z,5.0,0.0,0,0,0,0
KX59,2026-04-16T17:15:00.000Z,8.0,9.0,0,0,0,0
KMPE,2026-04-16T17:15:00.000Z,6.0,6.0,0,0,0,0
KNUQ,2026-04-16T17:15:00.000Z,9.0,6.0,0,0,0,0
KN79,2026-04-16T17:15:00.000Z,8.0,7.0,0,0,0,0
KVKS,2026-04-16T17:15:00.000Z,9.0,3.0,0,0,0,0
KJSO,2026-04-16T17:15:00.000Z,9.0,8.0,0,0,0,0
K1R7,2026-04-16T17:15:00.000Z,9.0,3.0,0,0,0,0
K00U,2026-04-16T17:15:00.000Z,8.0,18.0,0,0,0,0
KJYR,2026-04-16T17:15:00.000Z,9.0,12.0,0,0,0,0
K3U3,2026-04-16T17:15:00.000Z,3.0,7.0,1,0,2,1
K42J,2026-04-16T17:15:00.000Z,9.0,0.0,0,0,0,0
K4B8,2026-04-16T17:15:00.000Z,9.0,7.0,0,0,0,0
KLRO,2026-04-16T17:15:00.000Z,8.0,12.0,0,0,0,0
KUNI,2026-04-16T17:15:00.000Z,9.0,11.0,0,0,0,0
KBJI,2026-04-16T17:15:00.000Z,7.0,6.0,0,0,0,0
KBMC,2026-04-16T17:15:00.000Z,0.5,27.0,1,1,4,1
KDNV,2026-04-16T17:15:00.000Z,7.0,21.0,0,0,1,0
KGWR,2026-04-16T17:15:00.000Z,9.0,23.0,0,0,1,0
KT82,2026-04-16T17:15:00.000Z,7.0,7.0,0,0,0,0
KATP,2026-04-16T17:15:00.000Z,7.0,12.0,0,0,0,0
KMCD,2026-04-16T17:15:00.000Z,0.25,4.0,0,1,1,0
KOZW,2026-04-16T17:15:00.000Z,6.0,4.0,1,1,3,1
K18H,2026-04-16T17:15:00.000Z,8.0,5.0,0,0,0,0
K46U,2026-04-16T17:15:00.000Z,2.5,4.0,0,1,1,0
K1U7,2026-04-16T17:15:00.000Z,0.75,22.0,0,1,2,1
K9S2,2026-04-16T17:15:00.000Z,5.0,14.0,0,1,1,0
KHHV,2026-04-16T17:15:00.000Z,7.0,10.0,0,0,0,0
K1S3,2026-04-16T17:15:00.000Z,9.0,15.0,0,0,0,0
KGUL,2026-04-16T17:15:00.000Z,8.0,7.0,0,0,0,0
KEKM,2026-04-16T17:15:00.000Z,2.0,11.0,0,1,1,0
PFZK,2026-04-16T17:14:00.000Z,2.0,7.0,1,1,3,1
PAOU,2026-04-16T17:14:00.000Z,0.5,3.0,0,1,1,0
CYPO,2026-04-16T17:14:00.000Z,6.0,11.0,1,0,2,1
CYET,2026-04-16T17:14:00.000Z,9.0,2.0,0,0,0,0
CYBW,2026-04-16T17:14:00.000Z,2.0,16.0,1,1,3,1
CYQL,2026-04-16T17:13:00.000Z,7.0,14.0,1,0,2,1
PAPM,2026-04-16T17:12:00.000Z,8.0,8.0,1,0,2,1
CYQV,2026-04-16T17:12:00.000Z,0.5,18.0,1,1,3,1
KARR,2026-04-16T17:11:00.000Z,6.0,15.0,0,0,0,0
CYNM,2026-04-16T17:11:00.000Z,9.0,3.0,0,0,0,0
PAMK,2026-04-16T17:11:00.000Z,0.5,0.0,0,1,1,0
WARR,2026-04-16T17:11:00.000Z,4.97,7.0,1,0,2,1
CYTS,2026-04-16T17:11:00.000Z,15.0,2.0,0,0,0,0
SCIE,2026-04-16T17:11:00.000Z,4.35,7.0,0,1,1,0
CYAM,2026-04-16T17:11:00.000Z,0.75,9.0,0,1,1,0
KETC,2026-04-16T17:10:00.000Z,7.0,12.0,0,0,0,0
KEKS,2026-04-16T17:10:00.000Z,7.0,5.0,1,0,2,1
PAKV,2026-04-16T17:10:00.000Z,1.5,0.0,1,1,3,1
PADL,2026-04-16T17:09:00.000Z,0.5,7.0,0,1,1,0
KEKO,2026-04-16T17:09:00.000Z,9.0,4.0,1,0,2,1
PAKN,2026-04-16T17:09:00.000Z,1.0,0.0,0,1,1,0
PAMB,2026-04-16T17:08:00.000Z,0.25,6.0,0,1,1,0
KGPI,2026-04-16T17:08:00.000Z,0.5,9.0,1,1,3,1
CYHA,2026-04-16T17:07:00.000Z,15.0,13.0,1,0,2,1
YPJT,2026-04-16T17:07:00.000Z,5.59,0.0,0,0,0,0
PANW,2026-04-16T17:06:00.000Z,0.5,4.0,1,1,3,1
PAWM,2026-04-16T17:05:00.000Z,2.5,7.0,1,1,3,1
TJBQ,2026-04-16T17:05:00.000Z,7.0,0.0,1,0,2,1
PAVA,2026-04-16T17:05:00.000Z,2.5,10.0,1,1,3,1
PARY,2026-04-16T17:05:00.000Z,0.75,12.0,1,1,3,1
PANV,2026-04-16T17:04:00.000Z,0.25,5.0,1,1,3,1
CYER,2026-04-16T17:04:00.000Z,5.0,12.0,1,0,2,1
PAMH,2026-04-16T17:04:00.000Z,4.0,4.0,1,0,2,1
RCMQ,2026-04-16T17:04:00.000Z,1.99,5.0,0,1,1,0
PAHX,2026-04-16T17:02:00.000Z,4.0,4.0,1,0,2,1
PAMO,2026-04-16T17:02:00.000Z,1.75,10.0,1,1,3,1
CYVV,2026-04-16T17:02:00.000Z,0.5,8.0,1,1,3,1
PAFS,2026-04-16T17:01:00.000Z,8.0,0.0,1,0,2,1
CYXY,2026-04-16T17:00:00.000Z,40.0,3.0,0,0,0,0
CYXX,2026-04-16T17:00:00.000Z,20.0,4.0,0,0,0,0
CYWK,2026-04-16T17:00:00.000Z,15.0,7.0,0,0,0,0
CYWG,2026-04-16T17:00:00.000Z,14.0,22.0,0,0,1,0
CYVP,2026-04-16T17:00:00.000Z,15.0,12.0,1,0,2,1
CYUY,2026-04-16T17:00:00.000Z,4.0,2.0,0,0,0,0
CYTL,2026-04-16T17:00:00.000Z,9.0,8.0,0,0,0,0
CYSJ,2026-04-16T17:00:00.000Z,15.0,7.0,0,0,0,0
CYQX,2026-04-16T17:00:00.000Z,20.0,8.0,0,0,0,0
CYQM,2026-04-16T17:00:00.000Z,15.0,3.0,0,1,1,0
CYQG,2026-04-16T17:00:00.000Z,9.0,11.0,1,0,2,1
CYQB,2026-04-16T17:00:00.000Z,1.25,9.0,0,1,1,0
CYPL,2026-04-16T17:00:00.000Z,9.0,6.0,0,0,0,0
CYMH,2026-04-16T17:00:00.000Z,9.0,14.0,0,0,0,0
CYKL,2026-04-16T17:00:00.000Z,9.0,0.0,0,0,0,0
CYGL,2026-04-16T17:00:00.000Z,15.0,14.0,0,0,0,0
CYFT,2026-04-16T17:00:00.000Z,15.0,20.0,0,0,0,0
CYFB,2026-04-16T17:00:00.000Z,20.0,19.0,1,0,2,1
CYEG,2026-04-16T17:00:00.000Z,15.0,7.0,1,0,2,1
CYAW,2026-04-16T17:00:00.000Z,12.0,10.0,0,0,0,0
UHHH,2026-04-16T17:00:00.000Z,3.73,4.0,0,0,0,0
UHPP,2026-04-16T17:00:00.000Z,1.62,2.0,1,1,3,1
UHMM,2026-04-16T17:00:00.000Z,5.59,8.0,1,0,2,1
RKJB,2026-04-16T17:00:00.000Z,4.35,3.0,0,0,0,0
VANP,2026-04-16T17:00:00.000Z,3.11,3.0,0,0,0,0
VILK,2026-04-16T17:00:00.000Z,2.49,2.0,0,1,1,0
VEBS,2026-04-16T17:00:00.000Z,2.17,12.0,0,1,1,0
VAID,2026-04-16T17:00:00.000Z,3.11,5.0,0,0,0,0
VOTV,2026-04-16T17:00:00.000Z,4.97,3.0,0,0,0,0
VOBG,2026-04-16T17:00:00.000Z,3.73,8.0,0,0,0,0
LPHR,2026-04-16T17:00:00.000Z,3.11,10.0,1,1,3,1
SLRQ,2026-04-16T17:00:00.000Z,3.11,3.0,1,0,2,1
WAAA,2026-04-16T17:00:00.000Z,4.97,2.0,0,0,0,0
ZBAA,2026-04-16T17:00:00.000Z,3.73,4.0,0,0,0,0
ZBAD,2026-04-16T17:00:00.000Z,3.11,6.0,0,0,0,0
ZBTJ,2026-04-16T17:00:00.000Z,1.37,2.0,0,1,1,0
ZSHC,2026-04-16T17:00:00.000Z,2.8,4.0,0,1,1,0
ZYTL,2026-04-16T17:00:00.000Z,1.86,6.0,1,1,3,1
SADP,2026-04-16T17:00:00.000Z,3.11,7.0,0,0,0,0
DTTF,2026-04-16T17:00:00.000Z,4.97,17.0,0,0,0,0
DTTG,2026-04-16T17:00:00.000Z,4.97,13.0,0,0,0,0
MDBH,2026-04-16T17:00:00.000Z,4.97,12.0,0,0,0,0
VYYY,2026-04-16T17:00:00.000Z,4.35,6.0,0,0,0,0
VDSV,2026-04-16T17:00:00.000Z,5.59,6.0,0,0,0,0
UCFO,2026-04-16T17:00:00.000Z,4.97,4.0,1,0,2,1
VEPT,2026-04-16T17:00:00.000Z,1.86,10.0,0,1,1,0
VTCC,2026-04-16T17:00:00.000Z,4.97,5.0,0,0,0,0
VTBU,2026-04-16T17:00:00.000Z,4.35,9.0,0,0,0,0
ROMY,2026-04-16T17:00:00.000Z,4.35,2.0,1,0,2,1
RORK,2026-04-16T17:00:00.000Z,4.97,13.0,0,0,0,0
WAJJ,2026-04-16T17:00:00.000Z,5.59,0.0,0,0,0,0
WILL,2026-04-16T17:00:00.000Z,1.37,1.0,0,1,1,0
WIBB,2026-04-16T17:00:00.000Z,4.35,0.0,0,0,0,0
WIDN,2026-04-16T17:00:00.000Z,5.59,1.0,0,0,0,0
WIPP,2026-04-16T17:00:00.000Z,3.11,3.0,0,0,0,0
WALL,2026-04-16T17:00:00.000Z,5.59,2.0,0,0,0,0
WADL,2026-04-16T17:00:00.000Z,4.35,0.0,0,0,0,0
WAHI,2026-04-16T17:00:00.000Z,5.59,5.0,0,0,0,0
VTCT,2026-04-16T17:00:00.000Z,4.35,8.0,0,0,0,0
VVPB,2026-04-16T17:00:00.000Z,5.59,3.0,0,0,0,0
VIJP,2026-04-16T17:00:00.000Z,2.49,3.0,0,1,1,0
VIAR,2026-04-16T17:00:00.000Z,1.55,11.0,0,1,1,0
MGRT,2026-04-16T17:00:00.000Z,4.97,0.0,0,0,0,0
SAEZ,2026-04-16T17:00:00.000Z,5.59,7.0,0,0,0,0
VGHS,2026-04-16T17:00:00.000Z,2.49,3.0,0,1,1,0
OPMT,2026-04-16T17:00:00.000Z,2.49,8.0,0,1,1,0
UBBL,2026-04-16T17:00:00.000Z,5.59,7.0,0,0,0,0
OPFA,2026-04-16T17:00:00.000Z,2.49,10.0,0,1,1,0
OPIS,2026-04-16T17:00:00.000Z,3.11,12.0,1,0,2,1
VECC,2026-04-16T17:00:00.000Z,1.99,7.0,0,1,1,0
CYQQ,2026-04-16T17:00:00.000Z,20.0,8.0,0,0,0,0
OPPS,2026-04-16T17:00:00.000Z,2.49,12.0,1,1,3,1
MDPP,2026-04-16T17:00:00.000Z,4.97,7.0,0,0,0,0
MGPB,2026-04-16T17:00:00.000Z,4.97,8.0,0,0,0,0
TFFJ,2026-04-16T17:00:00.000Z,5.59,12.0,0,0,0,0
WIII,2026-04-16T17:00:00.000Z,4.35,6.0,1,0,2,1
SPJC,2026-04-16T17:00:00.000Z,3.11,7.0,0,0,0,0
UTAM,2026-04-16T17:00:00.000Z,3.73,4.0,0,0,0,0
UAOO,2026-04-16T17:00:00.000Z,5.59,4.0,1,0,2,1
VOTR,2026-04-16T17:00:00.000Z,3.73,6.0,0,0,0,0
CYWL,2026-04-16T17:00:00.000Z,15.0,14.0,0,0,0,0
CYSY,2026-04-16T17:00:00.000Z,15.0,9.0,0,0,0,0
CYBK,2026-04-16T17:00:00.000Z,25.0,7.0,0,0,0,0
UTDD,2026-04-16T17:00:00.000Z,3.73,4.0,0,0,0,0
VOPB,2026-04-16T17:00:00.000Z,3.11,2.0,0,0,0,0
SPTU,2026-04-16T17:00:00.000Z,5.59,6.0,1,0,2,1
SPRU,2026-04-16T17:00:00.000Z,3.73,11.0,0,0,0,0
WIHH,2026-04-16T17:00:00.000Z,3.73,1.0,0,0,0,0
VOKN,2026-04-16T17:00:00.000Z,2.49,2.0,0,1,1,0
VAHS,2026-04-16T17:00:00.000Z,3.73,5.0,0,0,0,0
ZGOW,2026-04-16T17:00:00.000Z,4.97,2.0,0,0,0,0
ZSAM,2026-04-16T17:00:00.000Z,2.8,4.0,0,1,1,0
ZSFZ,2026-04-16T17:00:00.000Z,2.24,4.0,0,1,1,0
ZSQD,2026-04-16T17:00:00.000Z,4.35,6.0,0,0,0,0
ZBSJ,2026-04-16T17:00:00.000Z,1.37,2.0,0,1,1,0
ZGHA,2026-04-16T17:00:00.000Z,2.8,6.0,0,1,1,0
ZHCC,2026-04-16T17:00:00.000Z,3.11,2.0,0,0,0,0
ZSNJ,2026-04-16T17:00:00.000Z,2.8,4.0,0,1,1,0
ZHEC,2026-04-16T17:00:00.000Z,3.11,2.0,0,0,0,0
EIKY,2026-04-16T17:00:00.000Z,3.73,13.0,1,0,2,1
EISG,2026-04-16T17:00:00.000Z,3.11,11.0,0,0,0,0
EIWF,2026-04-16T17:00:00.000Z,3.11,16.0,1,0,2,1
RPLC,2026-04-16T17:00:00.000Z,4.97,2.0,0,0,0,0
DTMB,2026-04-16T17:00:00.000Z,4.97,14.0,0,0,0,0
VEMN,2026-04-16T17:00:00.000Z,1.86,0.0,0,1,1,0
VOBM,2026-04-16T17:00:00.000Z,3.73,8.0,0,0,0,0
FTTJ,2026-04-16T17:00:00.000Z,2.8,13.0,0,1,1,0
SBPJ,2026-04-16T17:00:00.000Z,5.59,4.0,1,0,2,1
GMAG,2026-04-16T17:00:00.000Z,3.73,14.0,0,0,0,0
CZBF,2026-04-16T17:00:00.000Z,9.0,4.0,0,1,1,0
GMMH,2026-04-16T17:00:00.000Z,4.97,19.0,0,0,0,0
GMML,2026-04-16T17:00:00.000Z,3.73,15.0,0,0,0,0
GMMI,2026-04-16T17:00:00.000Z,3.73,5.0,0,0,0,0
GMMZ,2026-04-16T17:00:00.000Z,3.11,9.0,0,0,0,0
CZST,2026-04-16T17:00:00.000Z,12.0,5.0,0,0,0,0
TTPP,2026-04-16T17:00:00.000Z,3.73,14.0,0,0,0,0
GMAD,2026-04-16T17:00:00.000Z,4.97,9.0,0,0,0,0
GMME,2026-04-16T17:00:00.000Z,3.11,5.0,0,0,0,0
SAZY,2026-04-16T17:00:00.000Z,4.97,11.0,1,0,2,1
VORY,2026-04-16T17:00:00.000Z,3.73,6.0,0,0,0,0
OEDM,2026-04-16T17:00:00.000Z,4.97,13.0,0,0,0,0
OEJN,2026-04-16T17:00:00.000Z,4.97,15.0,0,0,0,0
VOMD,2026-04-16T17:00:00.000Z,3.73,4.0,0,0,0,0
VEGT,2026-04-16T17:00:00.000Z,1.86,4.0,0,1,1,0
VERP,2026-04-16T17:00:00.000Z,2.49,5.0,0,1,1,0
VAAH,2026-04-16T17:00:00.000Z,2.49,10.0,0,1,1,0
VOGA,2026-04-16T17:00:00.000Z,3.11,5.0,0,0,0,0
VERC,2026-04-16T17:00:00.000Z,1.86,0.0,0,1,1,0
VIDP,2026-04-16T17:00:00.000Z,2.49,5.0,0,1,1,0
UMGG,2026-04-16T17:00:00.000Z,4.35,10.0,0,0,0,0
VOBL,2026-04-16T17:00:00.000Z,3.73,6.0,0,0,0,0
VABO,2026-04-16T17:00:00.000Z,2.49,9.0,0,1,1,0
UMOO,2026-04-16T17:00:00.000Z,4.35,4.0,0,0,0,0
CYBB,2026-04-16T17:00:00.000Z,15.0,15.0,0,0,0,0
CYCB,2026-04-16T17:00:00.000Z,15.0,7.0,0,0,0,0
CYCO,2026-04-16T17:00:00.000Z,15.0,4.0,0,0,0,0
CYCS,2026-04-16T17:00:00.000Z,15.0,18.0,0,0,0,0
CYFS,2026-04-16T17:00:00.000Z,2.0,16.0,1,1,3,1
CYHK,2026-04-16T17:00:00.000Z,15.0,5.0,0,0,0,0
CYHY,2026-04-16T17:00:00.000Z,15.0,9.0,0,0,0,0
CYJF,2026-04-16T17:00:00.000Z,15.0,14.0,0,0,0,0
CYLC,2026-04-16T17:00:00.000Z,15.0,12.0,0,0,0,0
CYPC,2026-04-16T17:00:00.000Z,15.0,0.0,0,0,0,0
CYRA,2026-04-16T17:00:00.000Z,15.0,5.0,0,0,0,0
CYRT,2026-04-16T17:00:00.000Z,15.0,14.0,0,0,0,0
CYUT,2026-04-16T17:00:00.000Z,0.75,19.0,1,1,3,1
CYWE,2026-04-16T17:00:00.000Z,9.0,9.0,0,0,0,0
CYWJ,2026-04-16T17:00:00.000Z,30.0,5.0,0,0,0,0
CYXN,2026-04-16T17:00:00.000Z,15.0,17.0,0,0,0,0
CYXP,2026-04-16T17:00:00.000Z,8.0,4.0,1,0,2,1
CYGP,2026-04-16T17:00:00.000Z,15.0,16.0,0,0,0,0
VOVZ,2026-04-16T17:00:00.000Z,2.8,8.0,0,1,1,0
CYGR,2026-04-16T17:00:00.000Z,20.0,7.0,0,0,0,0
DRRN,2026-04-16T17:00:00.000Z,4.97,9.0,0,0,0,0
CYHD,2026-04-16T17:00:00.000Z,9.0,6.0,0,0,0,0
DFOO,2026-04-16T17:00:00.000Z,4.97,5.0,0,0,0,0
SBVH,2026-04-16T17:00:00.000Z,2.49,8.0,1,1,3,1
SBUA,2026-04-16T17:00:00.000Z,4.35,1.0,0,0,0,0
CYYJ,2026-04-16T17:00:00.000Z,30.0,5.0,0,0,0,0
CYMO,2026-04-16T17:00:00.000Z,9.0,3.0,0,0,0,0
HLMS,2026-04-16T17:00:00.000Z,4.97,15.0,0,0,0,0
HLLM,2026-04-16T17:00:00.000Z,3.73,12.0,0,0,0,0
VAPR,2026-04-16T17:00:00.000Z,2.49,5.0,0,1,1,0
CYTZ,2026-04-16T17:00:00.000Z,9.0,0.0,0,0,0,0
SKAS,2026-04-16T17:00:00.000Z,1.55,3.0,1,1,3,1
SKFL,2026-04-16T17:00:00.000Z,4.97,2.0,0,0,0,0
SKGY,2026-04-16T17:00:00.000Z,4.97,4.0,0,0,0,0
CYNA,2026-04-16T17:00:00.000Z,9.0,0.0,0,1,1,0
SKMZ,2026-04-16T17:00:00.000Z,5.59,5.0,0,0,0,0
SKPP,2026-04-16T17:00:00.000Z,4.97,3.0,0,0,0,0
SKPS,2026-04-16T17:00:00.000Z,4.97,3.0,0,0,0,0
SKSA,2026-04-16T17:00:00.000Z,4.35,2.0,1,0,2,1
SKTM,2026-04-16T17:00:00.000Z,4.97,4.0,1,0,2,1
MNPC,2026-04-16T17:00:00.000Z,4.35,6.0,0,0,0,0
MDLR,2026-04-16T17:00:00.000Z,4.97,10.0,0,0,0,0
CYRL,2026-04-16T17:00:00.000Z,15.0,8.0,0,0,0,0
EICK,2026-04-16T17:00:00.000Z,5.59,16.0,1,1,3,1
SLCO,2026-04-16T17:00:00.000Z,4.97,6.0,0,0,0,0
SLSA,2026-04-16T17:00:00.000Z,3.11,6.0,1,0,2,1
VOCB,2026-04-16T17:00:00.000Z,3.11,5.0,0,0,0,0
CYWA,2026-04-16T17:00:00.000Z,4.0,5.0,0,1,1,0
KOLF,2026-04-16T17:00:00.000Z,8.0,10.0,0,0,0,0
CYHI,2026-04-16T17:00:00.000Z,15.0,0.0,0,0,0,0
CYFC,2026-04-16T17:00:00.000Z,9.0,5.0,0,0,0,0
CYMX,2026-04-16T17:00:00.000Z,3.0,4.0,0,0,0,0
CYOW,2026-04-16T17:00:00.000Z,0.63,4.0,0,1,1,0
CYQY,2026-04-16T17:00:00.000Z,1.0,5.0,0,1,1,0
CYUL,2026-04-16T17:00:00.000Z,8.0,4.0,0,1,1,0
CYVR,2026-04-16T17:00:00.000Z,20.0,0.0,0,0,0,0
CYYC,2026-04-16T17:00:00.000Z,0.5,19.0,1,1,3,1
CYYQ,2026-04-16T17:00:00.000Z,15.0,10.0,0,0,0,0
CYYR,2026-04-16T17:00:00.000Z,15.0,10.0,0,0,0,0
CYPD,2026-04-16T17:00:00.000Z,9.0,11.0,0,0,0,0
CZFM,2026-04-16T17:00:00.000Z,15.0,3.0,0,0,0,0
CYAT,2026-04-16T17:00:00.000Z,9.0,13.0,0,0,0,0
CYFR,2026-04-16T17:00:00.000Z,15.0,8.0,0,0,0,0
CYGK,2026-04-16T17:00:00.000Z,0.25,5.0,0,1,1,0
CYKP,2026-04-16T17:00:00.000Z,9.0,11.0,0,0,0,0
CYLD,2026-04-16T17:00:00.000Z,15.0,4.0,0,0,0,0
CYLH,2026-04-16T17:00:00.000Z,9.0,7.0,0,0,0,0
CYOO,2026-04-16T17:00:00.000Z,8.0,2.0,0,0,0,0
CYSB,2026-04-16T17:00:00.000Z,15.0,7.0,0,1,1,0
CYSN,2026-04-16T17:00:00.000Z,15.0,15.0,0,0,0,0
CYVO,2026-04-16T17:00:00.000Z,3.0,6.0,0,0,0,0
CYXL,2026-04-16T17:00:00.000Z,15.0,8.0,0,0,0,0
CYYB,2026-04-16T17:00:00.000Z,1.25,2.0,0,1,1,0
CYYH,2026-04-16T17:00:00.000Z,15.0,15.0,1,0,2,1
CYYU,2026-04-16T17:00:00.000Z,15.0,2.0,0,0,0,0
CYYW,2026-04-16T17:00:00.000Z,9.0,11.0,0,0,0,0
CZMD,2026-04-16T17:00:00.000Z,9.0,12.0,0,0,0,0
SAAC,2026-04-16T17:00:00.000Z,3.11,6.0,0,0,0,0
CZSJ,2026-04-16T17:00:00.000Z,9.0,7.0,0,0,0,0
CYCA,2026-04-16T17:00:00.000Z,9.0,17.0,0,0,0,0
CYAH,2026-04-16T17:00:00.000Z,9.0,8.0,0,0,0,0
CYBX,2026-04-16T17:00:00.000Z,0.25,9.0,0,1,1,0
CYSK,2026-04-16T17:00:00.000Z,15.0,16.0,0,0,0,0
CYDP,2026-04-16T17:00:00.000Z,15.0,22.0,0,0,1,0
CYLU,2026-04-16T17:00:00.000Z,6.0,19.0,1,0,2,1
CYED,2026-04-16T17:00:00.000Z,12.0,3.0,1,0,2,1
CYOD,2026-04-16T17:00:00.000Z,15.0,5.0,0,0,0,0
CYBQ,2026-04-16T17:00:00.000Z,9.0,3.0,0,0,0,0
CYMM,2026-04-16T17:00:00.000Z,9.0,2.0,0,0,0,0
CYVC,2026-04-16T17:00:00.000Z,15.0,7.0,0,0,0,0
CYYL,2026-04-16T17:00:00.000Z,9.0,5.0,0,0,0,0
CBBC,2026-04-16T17:00:00.000Z,9.0,3.0,0,0,0,0
CYIN,2026-04-16T17:00:00.000Z,9.0,13.0,0,0,0,0
CYMA,2026-04-16T17:00:00.000Z,20.0,6.0,0,0,0,0
CYQU,2026-04-16T17:00:00.000Z,25.0,4.0,0,0,0,0
CYYD,2026-04-16T17:00:00.000Z,25.0,2.0,0,0,0,0
CYZY,2026-04-16T17:00:00.000Z,9.0,9.0,0,0,0,0
CZMT,2026-04-16T17:00:00.000Z,15.0,3.0,0,0,0,0
CYDQ,2026-04-16T17:00:00.000Z,9.0,7.0,0,0,0,0
CYFO,2026-04-16T17:00:00.000Z,15.0,7.0,0,0,0,0
CYVL,2026-04-16T17:00:00.000Z,9.0,3.0,0,0,0,0
CYXQ,2026-04-16T17:00:00.000Z,30.0,0.0,0,0,0,0
DTTB,2026-04-16T17:00:00.000Z,4.97,14.0,0,0,0,0
DTTD,2026-04-16T17:00:00.000Z,4.97,12.0,0,0,0,0
DAOF,2026-04-16T17:00:00.000Z,4.35,3.0,0,0,0,0
FKYS,2026-04-16T17:00:00.000Z,4.97,3.0,0,0,0,0
FCPP,2026-04-16T17:00:00.000Z,4.97,10.0,1,0,2,1
FCOD,2026-04-16T17:00:00.000Z,4.97,2.0,0,0,0,0
FZAA,2026-04-16T17:00:00.000Z,4.97,0.0,1,0,2,1
VEGY,2026-04-16T17:00:00.000Z,2.49,8.0,0,1,1,0
VOCL,2026-04-16T17:00:00.000Z,3.11,3.0,0,0,0,0
GFLL,2026-04-16T17:00:00.000Z,3.11,8.0,0,0,0,0
VABB,2026-04-16T17:00:00.000Z,2.49,7.0,0,1,1,0
VOCI,2026-04-16T17:00:00.000Z,2.49,1.0,0,1,1,0
VOMM,2026-04-16T17:00:00.000Z,3.73,8.0,0,0,0,0
GQNO,2026-04-16T17:00:00.000Z,3.73,12.0,0,0,0,0
GAMB,2026-04-16T17:00:00.000Z,4.97,10.0,0,0,0,0
GAKD,2026-04-16T17:00:00.000Z,4.97,5.0,0,0,0,0
RCQC,2026-04-16T17:00:00.000Z,3.73,4.0,0,0,0,0
RCSS,2026-04-16T17:00:00.000Z,4.97,2.0,0,0,0,0
RCNN,2026-04-16T17:00:00.000Z,3.73,2.0,0,0,0,0
VOHS,2026-04-16T17:00:00.000Z,3.73,7.0,0,0,0,0
CYHM,2026-04-16T17:00:00.000Z,12.0,14.0,1,0,2,1
VOGO,2026-04-16T17:00:00.000Z,3.73,4.0,0,0,0,0
CYEV,2026-04-16T17:00:00.000Z,15.0,4.0,0,0,0,0
CYEK,2026-04-16T17:00:00.000Z,15.0,11.0,0,0,0,0
CYDF,2026-04-16T17:00:00.000Z,15.0,5.0,1,0,2,1
CYDC,2026-04-16T17:00:00.000Z,25.0,0.0,0,0,0,0
CYDB,2026-04-16T17:00:00.000Z,15.0,5.0,0,0,0,0
CYDA,2026-04-16T17:00:00.000Z,20.0,5.0,0,0,0,0
CYCY,2026-04-16T17:00:00.000Z,15.0,7.0,0,0,0,0
CYCX,2026-04-16T17:00:00.000Z,15.0,3.0,0,0,0,0
CYCQ,2026-04-16T17:00:00.000Z,25.0,8.0,0,0,0,0
CYCP,2026-04-16T17:00:00.000Z,15.0,5.0,0,0,0,0
CYCG,2026-04-16T17:00:00.000Z,15.0,0.0,0,0,0,0
CYCD,2026-04-16T17:00:00.000Z,25.0,3.0,0,0,0,0
CYBV,2026-04-16T17:00:00.000Z,15.0,10.0,0,0,0,0
CYBU,2026-04-16T17:00:00.000Z,9.0,14.0,0,0,0,0
CYBR,2026-04-16T17:00:00.000Z,4.0,26.0,1,0,3,1
CYBL,2026-04-16T17:00:00.000Z,30.0,7.0,0,0,0,0
CYBD,2026-04-16T17:00:00.000Z,8.0,4.0,0,0,0,0
CYAZ,2026-04-16T17:00:00.000Z,15.0,4.0,0,0,0,0
CYAS,2026-04-16T17:00:00.000Z,15.0,26.0,1,0,3,1
CWSW,2026-04-16T17:00:00.000Z,5.0,11.0,1,0,2,1
CWLY,2026-04-16T17:00:00.000Z,9.0,6.0,0,0,0,0
CWGZ,2026-04-16T17:00:00.000Z,25.0,0.0,0,0,0,0
CWAE,2026-04-16T17:00:00.000Z,15.0,0.0,0,0,0,0
CWEU,2026-04-16T17:00:00.000Z,15.0,2.0,0,0,0,0
CYOJ,2026-04-16T17:00:00.000Z,15.0,6.0,0,0,0,0
CYNE,2026-04-16T17:00:00.000Z,9.0,8.0,0,0,0,0
CYMU,2026-04-16T17:00:00.000Z,4.0,25.0,1,0,3,1
SURV,2026-04-16T17:00:00.000Z,3.11,10.0,0,1,1,0
CYLW,2026-04-16T17:00:00.000Z,9.0,2.0,0,0,0,0
CYLT,2026-04-16T17:00:00.000Z,12.0,5.0,1,0,2,1
CYLL,2026-04-16T17:00:00.000Z,2.0,11.0,1,1,3,1
CYLJ,2026-04-16T17:00:00.000Z,15.0,7.0,0,0,0,0
CYKY,2026-04-16T17:00:00.000Z,0.5,11.0,1,1,3,1
CYKJ,2026-04-16T17:00:00.000Z,9.0,2.0,0,0,0,0
CYKD,2026-04-16T17:00:00.000Z,15.0,4.0,0,0,0,0
SBJE,2026-04-16T17:00:00.000Z,4.97,12.0,1,0,2,1
CYKA,2026-04-16T17:00:00.000Z,40.0,13.0,0,0,0,0
CYIV,2026-04-16T17:00:00.000Z,9.0,9.0,0,0,0,0
CYIO,2026-04-16T17:00:00.000Z,5.0,0.0,1,0,2,1
CYHU,2026-04-16T17:00:00.000Z,8.0,2.0,0,0,0,0
CYHE,2026-04-16T17:00:00.000Z,9.0,4.0,0,0,0,0
OYAA,2026-04-16T17:00:00.000Z,4.97,13.0,0,0,0,0
CYGX,2026-04-16T17:00:00.000Z,15.0,7.0,0,0,0,0
CYGW,2026-04-16T17:00:00.000Z,9.0,7.0,0,0,0,0
CYGV,2026-04-16T17:00:00.000Z,9.0,3.0,0,1,1,0
CYGH,2026-04-16T17:00:00.000Z,15.0,0.0,0,0,0,0
CYGE,2026-04-16T17:00:00.000Z,20.0,7.0,0,0,0,0
CYVM,2026-04-16T17:00:00.000Z,0.5,15.0,1,1,3,1
CYUX,2026-04-16T17:00:00.000Z,6.0,18.0,1,0,2,1
CYTH,2026-04-16T17:00:00.000Z,15.0,9.0,0,0,0,0
CYSM,2026-04-16T17:00:00.000Z,15.0,8.0,0,0,0,0
CYSF,2026-04-16T17:00:00.000Z,9.0,6.0,0,0,0,0
CYRV,2026-04-16T17:00:00.000Z,9.0,11.0,0,0,0,0
CYQZ,2026-04-16T17:00:00.000Z,9.0,4.0,0,0,0,0
CYQT,2026-04-16T17:00:00.000Z,20.0,7.0,0,0,0,0
CYQR,2026-04-16T17:00:00.000Z,0.5,12.0,1,1,3,1
CYQK,2026-04-16T17:00:00.000Z,20.0,9.0,0,0,0,0
CYQH,2026-04-16T17:00:00.000Z,40.0,11.0,0,0,0,0
VAOZ,2026-04-16T17:00:00.000Z,3.73,5.0,0,0,0,0
CYQD,2026-04-16T17:00:00.000Z,9.0,7.0,0,0,0,0
CYPY,2026-04-16T17:00:00.000Z,9.0,6.0,0,0,0,0
CYPX,2026-04-16T17:00:00.000Z,9.0,13.0,0,0,0,0
CYPW,2026-04-16T17:00:00.000Z,30.0,4.0,0,0,0,0
CYPH,2026-04-16T17:00:00.000Z,9.0,2.0,0,0,0,0
CYPG,2026-04-16T17:00:00.000Z,15.0,13.0,0,0,0,0
CYPE,2026-04-16T17:00:00.000Z,9.0,7.0,0,0,0,0
CYPA,2026-04-16T17:00:00.000Z,15.0,16.0,0,0,0,0
CYOY,2026-04-16T17:00:00.000Z,0.75,4.0,1,1,3,1
CZFN,2026-04-16T17:00:00.000Z,15.0,2.0,0,0,0,0
CZFA,2026-04-16T17:00:00.000Z,30.0,3.0,0,0,0,0
CZEM,2026-04-16T17:00:00.000Z,15.0,7.0,0,0,0,0
CYZW,2026-04-16T17:00:00.000Z,30.0,5.0,0,0,0,0
CYZU,2026-04-16T17:00:00.000Z,15.0,3.0,0,0,0,0
CYZT,2026-04-16T17:00:00.000Z,20.0,6.0,0,0,0,0
CYZR,2026-04-16T17:00:00.000Z,9.0,8.0,1,0,2,1
CYZP,2026-04-16T17:00:00.000Z,9.0,10.0,0,0,0,0
CYZH,2026-04-16T17:00:00.000Z,9.0,4.0,0,0,0,0
CYZE,2026-04-16T17:00:00.000Z,9.0,5.0,0,0,0,0
CYYG,2026-04-16T17:00:00.000Z,15.0,9.0,0,0,0,0
CYYF,2026-04-16T17:00:00.000Z,15.0,12.0,0,0,0,0
CYYE,2026-04-16T17:00:00.000Z,30.0,4.0,0,0,0,0
CYXT,2026-04-16T17:00:00.000Z,15.0,11.0,0,0,0,0
CYXJ,2026-04-16T17:00:00.000Z,60.0,7.0,0,0,0,0
CYXH,2026-04-16T17:00:00.000Z,2.5,10.0,1,1,3,1
CYXE,2026-04-16T17:00:00.000Z,15.0,20.0,0,0,0,0
CYXC,2026-04-16T17:00:00.000Z,12.0,16.0,0,0,0,0
CYWH,2026-04-16T17:00:00.000Z,15.0,5.0,0,0,0,0
MHRO,2026-04-16T17:00:00.000Z,4.97,16.0,0,0,0,0
CYVT,2026-04-16T17:00:00.000Z,9.0,3.0,0,0,0,0
CYVQ,2026-04-16T17:00:00.000Z,30.0,3.0,1,0,2,1
WMSA,2026-04-16T17:00:00.000Z,5.59,2.0,0,0,0,0
WMKI,2026-04-16T17:00:00.000Z,4.97,3.0,0,0,0,0
WMKB,2026-04-16T17:00:00.000Z,4.35,3.0,0,0,0,0
WMBA,2026-04-16T17:00:00.000Z,5.59,3.0,0,0,0,0
WMAU,2026-04-16T17:00:00.000Z,5.59,5.0,0,0,0,0
WMKP,2026-04-16T17:00:00.000Z,3.73,2.0,1,0,2,1
SUSO,2026-04-16T17:00:00.000Z,4.97,9.0,0,0,0,0
SMZO,2026-04-16T17:00:00.000Z,4.97,14.0,0,0,0,0
VOML,2026-04-16T17:00:00.000Z,3.73,0.0,1,0,2,1
SKCC,2026-04-16T17:00:00.000Z,4.35,7.0,0,0,0,0
SKBO,2026-04-16T17:00:00.000Z,5.59,5.0,0,0,0,0
SKBG,2026-04-16T17:00:00.000Z,1.24,3.0,0,1,1,0
GQPP,2026-04-16T17:00:00.000Z,3.73,16.0,0,0,0,0
SCRM,2026-04-16T17:00:00.000Z,0.12,21.0,0,1,2,1
SAZM,2026-04-16T17:00:00.000Z,2.49,6.0,1,1,3,1
ZSOF,2026-04-16T17:00:00.000Z,1.12,2.0,0,1,1,0
ZHHH,2026-04-16T17:00:00.000Z,3.11,4.0,0,0,0,0
CYZX,2026-04-16T17:00:00.000Z,15.0,6.0,0,0,0,0
CYZV,2026-04-16T17:00:00.000Z,3.0,7.0,0,0,0,0
CYZF,2026-04-16T17:00:00.000Z,4.0,5.0,1,0,2,1
CYYZ,2026-04-16T17:00:00.000Z,15.0,11.0,0,0,0,0
CYYT,2026-04-16T17:00:00.000Z,15.0,11.0,0,0,0,0
PAOO,2026-04-16T16:59:00.000Z,0.75,8.0,1,1,3,1
PABA,2026-04-16T16:56:00.000Z,9.0,4.0,1,0,2,1
PAGL,2026-04-16T16:56:00.000Z,7.0,7.0,1,0,2,1
PAGM,2026-04-16T16:56:00.000Z,7.0,24.0,1,0,3,1
PAPH,2026-04-16T16:56:00.000Z,0.25,6.0,1,1,3,1
PARS,2026-04-16T16:56:00.000Z,1.75,3.0,1,1,3,1
PHNY,2026-04-16T16:56:00.000Z,5.0,4.0,0,0,0,0
PAVC,2026-04-16T16:56:00.000Z,6.0,0.0,0,0,0,0
PFCL,2026-04-16T16:56:00.000Z,0.25,9.0,0,1,1,0
PFKT,2026-04-16T16:56:00.000Z,9.0,19.0,1,0,2,1
PATL,2026-04-16T16:56:00.000Z,2.5,2.0,1,1,3,1
KLAN,2026-04-16T16:56:00.000Z,2.5,5.0,1,1,3,1
KNYG,2026-04-16T16:56:00.000Z,7.0,9.0,0,0,0,0
KSMP,2026-04-16T16:56:00.000Z,0.25,4.0,0,1,1,0
KSFZ,2026-04-16T16:56:00.000Z,9.0,6.0,0,0,0,0
PAIW,2026-04-16T16:56:00.000Z,5.0,15.0,0,0,0,0
PAOH,2026-04-16T16:56:00.000Z,4.0,0.0,1,0,2,1
PFSH,2026-04-16T16:56:00.000Z,9.0,9.0,1,0,2,1
KMBL,2026-04-16T16:56:00.000Z,5.0,0.0,0,0,0,0
PABL,2026-04-16T16:56:00.000Z,9.0,4.0,1,0,2,1
KRUT,2026-04-16T16:56:00.000Z,8.0,5.0,0,0,0,0
KNBC,2026-04-16T16:56:00.000Z,7.0,0.0,0,0,0,0
PAPE,2026-04-16T16:56:00.000Z,8.0,0.0,0,0,0,0
PAPN,2026-04-16T16:56:00.000Z,5.0,8.0,1,1,3,1
PFNO,2026-04-16T16:56:00.000Z,9.0,16.0,0,0,0,0
KHEY,2026-04-16T16:55:00.000Z,9.0,5.0,0,0,0,0
K9L2,2026-04-16T16:55:00.000Z,8.0,13.0,0,0,0,0
PAFR,2026-04-16T16:55:00.000Z,9.0,0.0,0,0,0,0
KXMR,2026-04-16T16:55:00.000Z,6.0,9.0,0,0,0,0
KU19,2026-04-16T16:55:00.000Z,8.0,24.0,0,0,1,0
PACZ,2026-04-16T16:55:00.000Z,8.0,0.0,1,0,2,1
PASV,2026-04-16T16:55:00.000Z,5.0,4.0,1,0,2,1
KNTD,2026-04-16T16:55:00.000Z,7.0,9.0,0,0,0,0
KMUO,2026-04-16T16:55:00.000Z,8.0,15.0,0,0,0,0
PTYA,2026-04-16T16:55:00.000Z,12.0,10.0,0,0,0,0
KLFI,2026-04-16T16:55:00.000Z,9.0,16.0,0,0,0,0
KSLI,2026-04-16T16:55:00.000Z,7.0,5.0,0,0,0,0
KVGN,2026-04-16T16:55:00.000Z,9.0,13.0,0,0,0,0
KEDW,2026-04-16T16:55:00.000Z,90.0,17.0,0,0,0,0
KTQS,2026-04-16T16:55:00.000Z,9.0,9.0,0,0,0,0
KPSM,2026-04-16T16:55:00.000Z,7.0,7.0,0,1,1,0
PGUA,2026-04-16T16:55:00.000Z,8.0,22.0,0,0,1,0
RKJK,2026-04-16T16:55:00.000Z,6.0,4.0,0,0,0,0
KWAL,2026-04-16T16:54:00.000Z,8.0,7.0,0,0,0,0
PHNG,2026-04-16T16:54:00.000Z,7.0,0.0,0,0,0,0
KOFP,2026-04-16T16:54:00.000Z,9.0,8.0,0,0,0,0
KBOS,2026-04-16T16:54:00.000Z,6.0,10.0,0,0,0,0
KPHF,2026-04-16T16:54:00.000Z,8.0,9.0,0,0,0,0
KHVN,2026-04-16T16:53:00.000Z,9.0,7.0,0,0,0,0
KGRR,2026-04-16T16:53:00.000Z,3.0,0.0,1,0,2,1
KGRB,2026-04-16T16:53:00.000Z,6.0,6.0,0,0,0,0
KMTJ,2026-04-16T16:53:00.000Z,9.0,15.0,0,0,0,0
PAKW,2026-04-16T16:53:00.000Z,8.0,4.0,1,0,2,1
KSQL,2026-04-16T16:53:00.000Z,30.0,10.0,0,0,0,0
PAEN,2026-04-16T16:53:00.000Z,8.0,7.0,1,0,2,1
KMSS,2026-04-16T16:53:00.000Z,8.0,0.0,0,0,0,0
KRKP,2026-04-16T16:53:00.000Z,7.0,15.0,0,0,0,0
KEYE,2026-04-16T16:53:00.000Z,3.0,9.0,0,0,0,0
KFYV,2026-04-16T16:53:00.000Z,8.0,14.0,0,0,0,0
PASI,2026-04-16T16:53:00.000Z,7.0,4.0,1,0,2,1
KPTK,2026-04-16T16:53:00.000Z,8.0,11.0,1,0,2,1
KTCL,2026-04-16T16:53:00.000Z,8.0,3.0,0,0,0,0
MMCZ,2026-04-16T16:53:00.000Z,8.0,10.0,0,0,0,0
PKMR,2026-04-16T16:53:00.000Z,15.0,0.0,0,0,0,0
PAJN,2026-04-16T16:53:00.000Z,8.0,6.0,1,0,2,1
PADE,2026-04-16T16:53:00.000Z,9.0,12.0,0,0,0,0
KLVJ,2026-04-16T16:53:00.000Z,9.0,8.0,0,0,0,0
KMSO,2026-04-16T16:53:00.000Z,9.0,6.0,0,0,0,0
KNUI,2026-04-16T16:53:00.000Z,9.0,6.0,0,0,0,0
KDET,2026-04-16T16:53:00.000Z,6.0,9.0,1,0,2,1
PAPB,2026-04-16T16:53:00.000Z,9.0,10.0,0,0,0,0
KBGR,2026-04-16T16:53:00.000Z,8.0,6.0,0,1,1,0
KGVL,2026-04-16T16:53:00.000Z,8.0,9.0,0,0,0,0
PASC,2026-04-16T16:53:00.000Z,3.0,10.0,0,1,1,0
KSBM,2026-04-16T16:53:00.000Z,4.0,5.0,0,0,0,0
KTVC,2026-04-16T16:53:00.000Z,0.5,3.0,0,1,1,0
KDVN,2026-04-16T16:52:00.000Z,9.0,9.0,0,0,0,0
KDDC,2026-04-16T16:52:00.000Z,8.0,19.0,0,0,0,0
KCID,2026-04-16T16:52:00.000Z,9.0,10.0,0,0,0,0
KSBD,2026-04-16T16:52:00.000Z,7.0,0.0,0,0,0,0
KHUT,2026-04-16T16:52:00.000Z,8.0,10.0,0,0,0,0
KCMH,2026-04-16T16:51:00.000Z,9.0,14.0,0,0,0,0
KLPC,2026-04-16T16:51:00.000Z,9.0,6.0,0,0,0,0
KNJM,2026-04-16T16:51:00.000Z,7.0,15.0,0,0,0,0
EGHC,2026-04-16T16:50:00.000Z,2.49,16.0,0,1,1,0
KHUM,2026-04-16T16:50:00.000Z,7.0,4.0,0,0,0,0
KOMN,2026-04-16T16:50:00.000Z,7.0,7.0,0,0,0,0
PTKK,2026-04-16T16:50:00.000Z,15.0,6.0,0,0,0,0
PTRO,2026-04-16T16:50:00.000Z,13.0,7.0,0,0,0,0
KVQQ,2026-04-16T16:50:00.000Z,8.0,6.0,0,0,0,0
LTBF,2026-04-16T16:50:00.000Z,5.59,8.0,0,0,0,0
MUCU,2026-04-16T16:50:00.000Z,5.59,3.0,0,0,0,0
MUHG,2026-04-16T16:50:00.000Z,5.59,13.0,0,0,0,0
MUHA,2026-04-16T16:50:00.000Z,5.59,6.0,0,0,0,0
MUSC,2026-04-16T16:50:00.000Z,5.59,10.0,0,0,0,0
MUVR,2026-04-16T16:50:00.000Z,5.59,10.0,0,0,0,0
KDPG,2026-04-16T16:50:00.000Z,30.0,14.0,0,0,0,0
EGOV,2026-04-16T16:50:00.000Z,3.11,20.0,1,0,2,1
EGOP,2026-04-16T16:50:00.000Z,2.11,9.0,0,1,1,0
PAPT,2026-04-16T16:49:00.000Z,2.0,8.0,1,1,3,1
MMCB,2026-04-16T16:49:00.000Z,5.0,4.0,0,0,0,0
MMBT,2026-04-16T16:48:00.000Z,8.0,8.0,0,0,0,0
KMWN,2026-04-16T16:48:00.000Z,0.06,33.0,0,1,2,1
MMSP,2026-04-16T16:48:00.000Z,8.0,2.0,0,0,0,0
PALP,2026-04-16T16:48:00.000Z,7.0,5.0,0,0,0,0
KTIX,2026-04-16T16:47:00.000Z,7.0,7.0,0,0,0,0
MMVA,2026-04-16T16:47:00.000Z,7.0,8.0,0,0,0,0
KSUA,2026-04-16T16:47:00.000Z,7.0,9.0,0,0,0,0
KAQV,2026-04-16T16:47:00.000Z,9.0,5.0,0,0,0,0
MMGL,2026-04-16T16:45:00.000Z,8.0,3.0,0,0,0,0
MMZH,2026-04-16T16:45:00.000Z,6.0,7.0,0,0,0,0
MMCE,2026-04-16T16:45:00.000Z,7.0,15.0,0,0,0,0
PAKU,2026-04-16T16:45:00.000Z,3.0,9.0,1,1,3,1
MMSL,2026-04-16T16:45:00.000Z,9.0,5.0,0,0,0,0
MMMA,2026-04-16T16:44:00.000Z,8.0,12.0,0,0,0,0
MMCT,2026-04-16T16:43:00.000Z,8.0,13.0,0,0,0,0
MMEP,2026-04-16T16:43:00.000Z,12.0,0.0,0,0,0,0
MMAS,2026-04-16T16:43:00.000Z,9.0,5.0,0,0,0,0
MMMX,2026-04-16T16:43:00.000Z,7.0,0.0,0,0,0,0
MMUN,2026-04-16T16:43:00.000Z,7.0,8.0,0,0,0,0
MMCV,2026-04-16T16:43:00.000Z,7.0,10.0,0,0,0,0
MMPB,2026-04-16T16:43:00.000Z,8.0,6.0,0,0,0,0
MMTG,2026-04-16T16:43:00.000Z,7.0,8.0,0,0,0,0
MMTL,2026-04-16T16:43:00.000Z,7.0,12.0,0,0,0,0
MMQT,2026-04-16T16:42:00.000Z,7.0,4.0,0,0,0,0
MMCM,2026-04-16T16:42:00.000Z,7.0,18.0,0,0,0,0
MMPA,2026-04-16T16:42:00.000Z,5.0,6.0,0,0,0,0
MMZC,2026-04-16T16:42:00.000Z,8.0,10.0,0,0,0,0
MMTM,2026-04-16T16:41:00.000Z,6.0,7.0,0,0,0,0
MMDO,2026-04-16T16:41:00.000Z,12.0,3.0,0,0,0,0
MMPR,2026-04-16T16:41:00.000Z,15.0,7.0,0,0,0,0
MMMD,2026-04-16T16:41:00.000Z,7.0,12.0,0,0,0,0
MMMZ,2026-04-16T16:41:00.000Z,14.0,3.0,0,0,0,0
MMPG,2026-04-16T16:41:00.000Z,6.0,10.0,0,0,0,0
MMMT,2026-04-16T16:40:00.000Z,8.0,5.0,0,0,0,0
MMIA,2026-04-16T16:40:00.000Z,6.0,0.0,0,0,0,0
MMMY,2026-04-16T16:40:00.000Z,4.0,5.0,0,0,0,0
MMTO,2026-04-16T16:40:00.000Z,6.0,9.0,0,0,0,0
MMVR,2026-04-16T16:40:00.000Z,7.0,7.0,0,0,0,0
MMMM,2026-04-16T16:40:00.000Z,7.0,6.0,0,0,0,0
MMAN,2026-04-16T16:40:00.000Z,5.0,3.0,0,0,0,0
MMTJ,2026-04-16T16:40:00.000Z,8.0,3.0,0,0,0,0
MMNL,2026-04-16T16:40:00.000Z,7.0,10.0,0,0,0,0
MMSM,2026-04-16T16:40:00.000Z,9.0,6.0,0,0,0,0
MMRX,2026-04-16T16:40:00.000Z,8.0,8.0,0,0,0,0
MMTP,2026-04-16T16:40:00.000Z,7.0,0.0,0,0,0,0
MMCP,2026-04-16T16:40:00.000Z,7.0,10.0,0,0,0,0
MMAA,2026-04-16T16:40:00.000Z,7.0,5.0,0,0,0,0
MMOX,2026-04-16T16:40:00.000Z,7.0,3.0,0,0,0,0
SADM,2026-04-16T16:34:00.000Z,0.62,12.0,0,1,1,0
PASA,2026-04-16T16:31:00.000Z,9.0,11.0,1,0,2,1
VOHY,2026-04-16T16:30:00.000Z,3.11,5.0,0,0,0,0
UZSA,2026-04-16T16:30:00.000Z,4.35,14.0,1,0,2,1
VAAU,2026-04-16T16:30:00.000Z,2.49,2.0,0,1,1,0
VABV,2026-04-16T16:30:00.000Z,3.73,5.0,0,0,0,0
VEBN,2026-04-16T16:30:00.000Z,1.55,4.0,0,1,1,0
PADM,2026-04-16T16:29:00.000Z,6.0,5.0,1,0,2,1
PASH,2026-04-16T16:19:00.000Z,8.0,13.0,1,0,2,1
TJNR,2026-04-16T16:17:00.000Z,9.0,9.0,0,0,0,0
